{
    "loss": 13.949256896972656,
    "accuracy": 0.4313725531101227
}