{
    "loss": 0.18672434985637665,
    "accuracy": 0.9607843160629272
}